target,collocate,exp_local,obs_local,ratio_local,obs_global,p_value
我,不要,0.3219140837411637,6,18.638513513513512,6,2.3285444712756032e-08
我,复仇,0.3219140837411637,5,15.532094594594593,6,2.508600065120329e-06
我,已经,0.965742251223491,4,4.141891891891892,18,0.0137459331201506
我,过去,0.5365234729019395,4,7.455405405405405,10,0.0013284821413560577
我,何苦,0.2146093891607758,4,18.638513513513512,4,8.206930553530625e-06
我,不得不,0.6974805147725213,3,4.301195426195426,13,0.029363964324611302
我,总要,0.26826173645096973,3,11.183108108108108,5,0.0014165440051597188
我,要求,0.2146093891607758,3,13.978885135135135,4,0.0005901883827919568
我,犯罪,0.3755664310313576,3,7.987934362934363,7,0.004571366685845679
我,东西,0.2146093891607758,2,9.319256756756756,4,0.016038836711635043
我,支那人,0.2146093891607758,2,9.319256756756756,4,0.016038836711635043
我,知识,0.1073046945803879,2,18.638513513513512,2,0.0028739723781780195
我,名誉,0.1073046945803879,2,18.638513513513512,2,0.0028739723781780195
我,爱情,0.26826173645096973,2,7.455405405405405,5,0.025787031827618212
我,苍天,0.1073046945803879,2,18.638513513513512,2,0.0028739723781780195
我,如今,0.26826173645096973,2,7.455405405405405,5,0.025787031827618212
我,以后,0.26826173645096973,2,7.455405405405405,5,0.025787031827618212
我,脑力,0.16095704187058185,2,12.425675675675675,3,0.00831451254736313
我,租给,0.1073046945803879,2,18.638513513513512,2,0.0028739723781780195
我,欺侮,0.16095704187058185,2,12.425675675675675,3,0.00831451254736313
我,竟敢,0.1073046945803879,2,18.638513513513512,2,0.0028739723781780195
我,再也,0.1073046945803879,2,18.638513513513512,2,0.0028739723781780195
我,爱女人,0.1073046945803879,2,18.638513513513512,2,0.0028739723781780195
我,祖国,0.1073046945803879,2,18.638513513513512,2,0.0028739723781780195
